<?xml version="1.0" encoding="UTF-8"?>
<project-private xmlns="http://www.netbeans.org/ns/project-private/1">
    <editor-bookmarks xmlns="http://www.netbeans.org/ns/editor-bookmarks/2" lastBookmarkId="0"/>
    <open-files xmlns="http://www.netbeans.org/ns/projectui-open-files/2">
        <group>
            <file>file:/C:/Users/ISMAEL/Downloads/ProductsManagements/ProductsManagements/src/productsmanagements/services/InventoryService.java</file>
            <file>file:/C:/Users/ISMAEL/Downloads/ProductsManagements/ProductsManagements/src/productsmanagements/controller/ProductController.java</file>
            <file>file:/C:/Users/ISMAEL/Downloads/ProductsManagements/ProductsManagements/src/productsmanagements/view/ProductView.java</file>
            <file>file:/C:/Users/ISMAEL/Downloads/ProductsManagements/ProductsManagements/src/productsmanagements/services/iml/InventoryServiceImpl.java</file>
            <file>file:/C:/Users/ISMAEL/Downloads/ProductsManagements/ProductsManagements/src/productsmanagements/ProductsManagements.java</file>
            <file>file:/C:/Users/ISMAEL/Downloads/ProductsManagements/ProductsManagements/src/productsmanagements/models/Products.java</file>
        </group>
    </open-files>
</project-private>
